word,pronunciation
一造辯論判決,ㄧ ㄗㄠˋ ㄅㄧㄢˋ ㄌㄨㄣˋ ㄆㄢˋ ㄐㄩㄝˊ
不爭執事項,ㄅㄨˋ ㄓㄥ ㄓˊ ㄕˋ ㄒㄧㄤˋ
不當得利,ㄅㄨˋ ㄉㄤ ㄉㄜˊ ㄌㄧˋ
中止犯,ㄓㄨㄥ ㄓˇ ㄈㄢˋ
供擔保,ㄍㄨㄥ ㄉㄢ ㄅㄠˇ
侵權行為,ㄑㄧㄣ ㄑㄩㄢˊ ㄒㄧㄥˊ ㄨㄟˊ
保全之必要,ㄅㄠˇ ㄑㄩㄢˊ ㄓ ㄅㄧˋ ㄧㄠˋ
保全執行,ㄅㄠˇ ㄑㄩㄢˊ ㄓˊ ㄒㄧㄥˊ
保全必要,ㄅㄠˇ ㄑㄩㄢˊ ㄅㄧˋ ㄧㄠˋ
保全程序,ㄅㄠˇ ㄑㄩㄢˊ ㄔㄥˊ ㄒㄩˋ
保全處分,ㄅㄠˇ ㄑㄩㄢˊ ㄔㄨˇ ㄈㄣˋ
假扣押之原因,ㄐㄧㄚˇ ㄎㄡˋ ㄧㄚ ㄓ ㄩㄢˊ ㄧㄣ
假扣押裁定,ㄐㄧㄚˇ ㄎㄡˋ ㄧㄚ ㄘㄞˊ ㄉㄧㄥˋ
假處分,ㄐㄧㄚˇ ㄔㄨˇ ㄈㄣˋ
假處分之原因,ㄐㄧㄚˇ ㄔㄨˇ ㄈㄣˋ ㄓ ㄩㄢˊ ㄧㄣ
假處分裁定,ㄐㄧㄚˇ ㄔㄨˇ ㄈㄣˋ ㄘㄞˊ ㄉㄧㄥˋ
公司章程,ㄍㄨㄥ ㄙ ㄓㄤ ㄔㄥˊ
公同共有,ㄍㄨㄥ ㄊㄨㄥˊ ㄍㄨㄥˋ ㄧㄡˇ
共同正犯,ㄍㄨㄥˋ ㄊㄨㄥˊ ㄓㄥˋ ㄈㄢˋ
典權,ㄉㄧㄢˇ ㄑㄩㄢˊ
分別共有,ㄈㄣ ㄅㄧㄝˊ ㄍㄨㄥˋ ㄧㄡˇ
分割共有物,ㄈㄣ ㄍㄜ ㄍㄨㄥˋ ㄧㄡˇ ㄨˋ
剩餘財產差額分配請求權,ㄕㄥˋ ㄩˊ ㄘㄞˊ ㄔㄢˇ ㄔㄚ ㄜˊ ㄈㄣ ㄆㄟˋ ㄑㄧㄥˇ ㄑㄧㄡˊ ㄑㄩㄢˊ
反擔保,ㄈㄢˇ ㄉㄢ ㄅㄠˇ
善意占有,ㄕㄢˋ ㄧˋ ㄓㄢˋ ㄧㄡˇ
地上權,ㄉㄧˋ ㄕㄤˋ ㄑㄩㄢˊ
地役權,ㄉㄧˋ ㄧˋ ㄑㄩㄢˊ
定暫時狀態,ㄉㄧㄥˋ ㄓㄢˋ ㄕˊ ㄓㄨㄤˋ ㄊㄞˋ
定暫時狀態之處分,ㄉㄧㄥˋ ㄓㄢˋ ㄕˊ ㄓㄨㄤˋ ㄊㄞˋ ㄓ ㄔㄨˇ ㄈㄣˋ
定暫時狀態假處分,ㄉㄧㄥˋ ㄓㄢˋ ㄕˊ ㄓㄨㄤˋ ㄊㄞˋ ㄐㄧㄚˇ ㄔㄨˇ ㄈㄣˋ
定暫時狀態處分,ㄉㄧㄥˋ ㄓㄢˋ ㄕˊ ㄓㄨㄤˋ ㄊㄞˋ ㄔㄨˇ ㄈㄣˋ
幫助犯,ㄅㄤ ㄓㄨˋ ㄈㄢˋ
惡意占有,ㄜˋ ㄧˋ ㄓㄢˋ ㄧㄡˇ
應有部分,ㄧㄥ ㄧㄡˇ ㄅㄨˋ ㄈㄣˋ
應繼分,ㄧㄥ ㄐㄧˋ ㄈㄣˋ
所有權移轉登記,ㄙㄨㄛˇ ㄧㄡˇ ㄑㄩㄢˊ ㄧˊ ㄓㄨㄢˇ ㄉㄥ ㄐㄧˋ
撤回假扣押,ㄔㄜˋ ㄏㄨㄟˊ ㄐㄧㄚˇ ㄎㄡˋ ㄧㄚ
撤銷假扣押,ㄔㄜˋ ㄒㄧㄠ ㄐㄧㄚˇ ㄎㄡˋ ㄧㄚ
撤銷假處分,ㄔㄜˋ ㄒㄧㄠ ㄐㄧㄚˋ ㄔㄨˇ ㄈㄣˋ
擔保物權,ㄉㄢ ㄅㄠˇ ㄨˋ ㄑㄩㄢˊ
擔保金,ㄉㄢ ㄅㄠˇ ㄐㄧㄣ
既遂,ㄐㄧˋ ㄙㄨㄟˋ
易服勞役,ㄧˋ ㄈㄨˊ ㄌㄠˊ ㄧˋ
易科罰金,ㄧˋ ㄎㄜ ㄈㄚˊ ㄐㄧㄣ
時效不完成,ㄕˊ ㄒㄧㄠˋ ㄅㄨˋ ㄨㄢˊ ㄔㄥˊ
時效中斷,ㄕˊ ㄒㄧㄠˋ ㄓㄨㄥ ㄉㄨㄢˋ
正當防衛,ㄓㄥˋ ㄉㄤ ㄈㄤˊ ㄨㄟˋ
消滅時效,ㄒㄧㄠ ㄇㄧㄝˋ ㄕˊ ㄒㄧㄠˋ
準備程序,ㄓㄨㄣˇ ㄅㄟˋ ㄔㄥˊ ㄒㄩˋ
無因管理,ㄨˊ ㄧㄣ ㄍㄨㄢˇ ㄌㄧˇ
爭執事項,ㄓㄥ ㄓˊ ㄕˋ ㄒㄧㄤˋ
爭點整理,ㄓㄥ ㄉㄧㄢˇ ㄓㄥˇ ㄌㄧˇ
物權,ㄨˋ ㄑㄩㄢˊ
特留分,ㄊㄜˋ ㄌㄧㄡˊ ㄈㄣ
用益物權,ㄩㄥˋ ㄧˋ ㄨˋ ㄑㄩㄢˊ
精神慰撫金,ㄐㄧㄥ ㄕㄣˊ ㄨㄟˋ ㄈㄨˇ ㄐㄧㄣ
緊急避難,ㄐㄧㄣˇ ㄐㄧˊ ㄅㄧˋ ㄋㄢˋ
缺席判決,ㄑㄩㄝ ㄒㄧˊ ㄆㄢˋ ㄐㄩㄝˊ
聲請保全,ㄕㄥ ㄑㄧㄥˇ ㄅㄠˇ ㄑㄩㄢˊ
聲請假扣押,ㄕㄥ ㄑㄧㄥˇ ㄐㄧㄚˋ ㄎㄡˋ ㄧㄚ
聲請假處分,ㄕㄥ ㄑㄧㄥˇ ㄐㄧㄚˋ ㄔㄨˇ ㄈㄣˋ
行政契約,ㄒㄧㄥˊ ㄓㄥˋ ㄑㄧˋ ㄩㄝ
行政指導,ㄒㄧㄥˊ ㄓㄥˋ ㄓˇ ㄉㄠˇ
親權,ㄑㄧㄣ ㄑㄩㄢˊ
訴訟代理人,ㄙㄨˋ ㄙㄨㄥˋ ㄉㄞˋ ㄌㄧˇ ㄖㄣˊ
請求標的,ㄑㄧㄥˇ ㄑㄧㄡˊ ㄅㄧㄠ ㄉㄧˋ
質權,ㄓˋ ㄑㄩㄢˊ
連帶債務,ㄌㄧㄢˊ ㄉㄞˋ ㄓㄞˋ ㄨˋ
釋明,ㄕˋ ㄇㄧㄥˊ
除斥期間,ㄔㄨˊ ㄔˋ ㄑㄧˊ ㄐㄧㄢ
陳柏諭,ㄔㄣˊ ㄅㄛˊ ㄩˋ
