ㄅ	51	1755	86.58333333333333	107
ㄉ	137	1755	86.58333333333333	107
ˇ	223	1755	86.58333333333333	107
ˋ	309	1755	86.58333333333333	107
ㄓ	395	1755	86.58333333333333	107
ˊ	481.5	1755	86.58333333333333	107
˙	568.5	1755	86.58333333333333	107
ㄚ	655.5	1755	86.58333333333333	107
ㄞ	742.5	1755	86.58333333333333	107
ㄢ	829.5	1755	86.58333333333333	107
ㄦ	916.5	1755	86.58333333333333	107
ㄆ	55.5	1862	95.0	107
ㄊ	150.5	1862	95.0	107
ㄍ	245.5	1862	95.0	107
ㄐ	340.5	1862	95.0	107
ㄔ	435.5	1862	95.0	107
ㄗ	530.5	1862	95.0	107
ㄧ	625.5	1862	95.0	107
ㄛ	720.5	1862	95.0	107
ㄟ	816	1862	95.0	107
ㄣ	912	1862	95.0	107
ㄇ	55.5	1969	95.0	107
ㄋ	150.5	1969	95.0	107
ㄎ	245.5	1969	95.0	107
ㄑ	340.5	1969	95.0	107
ㄕ	435.5	1969	95.0	107
ㄘ	530.5	1969	95.0	107
ㄨ	625.5	1969	95.0	107
ㄜ	720.5	1969	95.0	107
ㄠ	816	1969	95.0	107
ㄤ	912	1969	95.0	107
ㄈ	55.5	2076	95.0	107
ㄌ	150.5	2076	95.0	107
ㄏ	245.5	2076	95.0	107
ㄒ	340.5	2076	95.0	107
ㄖ	435.5	2076	95.0	107
ㄙ	530.5	2076	95.0	107
ㄩ	625.5	2076	95.0	107
ㄝ	720.5	2076	95.0	107
ㄡ	816	2076	95.0	107
ㄥ	912	2076	95.0	107
space	588.5	2187	294.5	107
