code	syllables	scores
0	ㄦ ㄢ ㄣ ㄥ ㄤ	12.180554817543 11.133376610742 9.262553243423 7.942006808490 7.548555979170
10	ㄈㄣ ㄅㄢ ㄅㄣ ㄈㄥ ㄈㄤ ㄇㄣ ㄈㄢ ㄇㄢ ㄅㄤ ㄆㄢ ㄆㄥ ㄇㄥ ㄆㄤ ㄇㄤ ㄅㄥ ㄆㄣ	11.761744560274 11.416018010201 11.398221434309 11.213076339885 11.115815356445 10.974488807496 10.796304928225 10.475285972793 10.095346813811 9.992505248854 9.980587472917 9.942083070295 9.203215047034 9.183688340979 8.558527054909 8.008032846969
17	ㄈㄨ ㄅㄧ ㄅㄨ ㄇㄨ ㄆㄧ ㄇㄧ ㄆㄨ	12.300932724054 12.027508022614 11.852464422962 11.170054802008 10.956282753061 10.656364837304 10.238029355640
170	ㄇㄧㄥ ㄆㄧㄢ ㄅㄧㄢ ㄇㄧㄢ ㄇㄧㄣ ㄅㄧㄥ ㄆㄧㄥ ㄆㄧㄣ ㄅㄧㄣ ㄈㄨㄥ	11.701427880839 11.254750413484 11.064088238538 10.884666744312 10.792222075639 10.612360433558 10.419808051784 10.392742186374 9.546383945306 1.791759469228
178	ㄅㄧㄝ ㄇㄧㄝ ㄆㄧㄝ	10.245338156916 8.664750755774 7.904334842085
179	ㄅㄧㄠ ㄇㄧㄠ ㄆㄧㄠ ㄇㄧㄡ ㄈㄧㄠ	11.093614950040 9.697201118288 9.552510629712 4.934473933131 2.197224577336
18	ㄇㄚ ㄅㄚ ㄅㄛ ㄈㄚ ㄇㄛ ㄆㄛ ㄆㄚ ㄈㄛ ㄇㄜ	11.532473157813 11.475275517518 11.323035338676 11.176949105382 10.821516772364 9.625227618663 9.085683767377 8.856091055252 3.583518938456
19	ㄇㄟ ㄅㄠ ㄈㄟ ㄅㄟ ㄅㄞ ㄇㄞ ㄇㄠ ㄆㄟ ㄆㄞ ㄆㄠ ㄇㄡ ㄈㄡ ㄆㄡ	11.953442351878 11.818533404705 11.410449673381 11.370174560094 10.355995266978 10.290483144361 10.264582712908 9.960907043404 9.823469844550 9.453443401030 8.997147151515 8.229511118964 7.722234744710
20	ㄉㄢ ㄉㄥ ㄋㄢ ㄉㄤ ㄌㄢ ㄋㄥ ㄊㄢ ㄊㄤ ㄊㄥ ㄌㄤ ㄌㄥ ㄋㄤ ㄋㄣ ㄉㄣ	11.800612537410 11.425022781794 10.998593701875 10.944523693067 10.904266480855 10.762127984909 10.253263754784 9.967682264578 9.779906490765 9.622185087048 8.869398159884 7.634820677746 6.885509670035 0.693147180560
27	ㄌㄧ ㄉㄧ ㄋㄧ ㄌㄨ ㄊㄧ ㄊㄨ ㄉㄨ ㄌㄩ ㄋㄩ ㄋㄨ	12.653805103130 12.458969154994 11.906844169178 11.434358334763 11.004347313745 10.990280264399 10.900196306260 10.660712210469 9.515690442081 8.485083137498
270	ㄌㄧㄤ ㄉㄨㄥ ㄋㄧㄢ ㄌㄧㄢ ㄊㄧㄢ ㄋㄧㄣ ㄉㄧㄢ ㄌㄧㄥ ㄊㄨㄥ ㄌㄨㄥ ㄊㄧㄥ ㄉㄧㄥ ㄌㄨㄣ ㄉㄨㄢ ㄌㄧㄣ ㄉㄨㄣ ㄊㄨㄢ ㄋㄨㄥ ㄋㄧㄤ ㄊㄨㄣ ㄋㄧㄥ ㄌㄨㄢ ㄋㄨㄢ ㄋㄨㄣ ㄌㄩㄢ	11.965992730260 11.869130298424 11.759824604639 11.699230742866 11.548726877434 11.547433166233 11.425634048773 11.178864319332 10.979104121410 10.663896106405 10.620107089281 10.534839113429 10.318506873449 10.287115966035 10.263257701382 9.876835521539 9.707959168255 9.633710883953 9.016755622904 8.980549777940 8.698180525197 8.596004371841 7.739794458409 6.447305862541 2.079441541680
278	ㄉㄨㄛ ㄌㄨㄛ ㄊㄨㄛ ㄌㄧㄝ ㄉㄧㄝ ㄊㄧㄝ ㄋㄨㄛ ㄋㄧㄝ ㄌㄩㄝ ㄋㄩㄝ ㄌㄧㄚ ㄋㄧㄚ	10.945829268411 10.607327362635 10.455675824643 10.108752224963 9.992779660015 9.944917362299 9.309280319831 9.216123616732 8.480321716640 7.047517221357 6.352629396320 1.098612288668
279	ㄉㄨㄟ ㄌㄧㄡ ㄊㄧㄠ ㄌㄧㄠ ㄉㄧㄠ ㄊㄨㄟ ㄋㄧㄠ ㄋㄧㄡ ㄉㄧㄡ	11.547848494759 11.395177428701 10.871706377271 10.179071739790 10.068747721402 9.565984785100 9.204724633191 8.987571750367 7.029972911706
28	ㄉㄜ ㄊㄚ ㄉㄚ ㄌㄜ ㄋㄚ ㄌㄚ ㄊㄜ ㄋㄜ ㄌㄛ	13.093861016932 12.407048294489 11.969121709485 11.854598439991 11.359832558836 10.624541686349 9.991544216356 9.799459482112 5.697093486505
29	ㄉㄠ ㄌㄞ ㄊㄞ ㄉㄡ ㄉㄞ ㄋㄟ ㄌㄡ ㄌㄟ ㄊㄡ ㄌㄠ ㄊㄠ ㄋㄞ ㄋㄠ ㄉㄟ ㄋㄡ	12.611010948234 11.351605816048 11.252287709228 10.917358612749 10.897128138838 10.692013092394 10.271839059304 10.112126417647 10.096213132629 9.967166329199 9.946307549719 9.934889315676 9.381769487604 7.989221408815 7.585281078639
30	ㄏㄢ ㄎㄢ ㄍㄢ ㄍㄥ ㄍㄤ ㄏㄣ ㄍㄣ ㄎㄤ ㄏㄤ ㄏㄥ ㄎㄥ ㄎㄣ	11.922628248104 10.897165160792 10.698920526637 10.550616972262 10.532522787629 10.364860292583 10.201701469897 9.972640411224 9.787066089519 9.339964139770 8.462948176564 8.324578845137
37	ㄏㄨ ㄍㄨ ㄎㄨ	11.206576919554 11.081326831656 10.031132906372
370	ㄍㄨㄥ ㄍㄨㄢ ㄏㄨㄢ ㄏㄨㄥ ㄏㄨㄤ ㄍㄨㄤ ㄎㄨㄥ ㄎㄨㄤ ㄎㄨㄢ ㄎㄨㄣ ㄏㄨㄣ ㄍㄨㄣ	11.310050118829 11.267459614652 10.823152585049 10.733653786754 10.677753784381 10.547444488905 10.149566075133 9.718000992399 9.657970572245 9.567735056839 9.187992508312 8.559102594493
378	ㄏㄨㄛ ㄏㄨㄚ ㄍㄨㄛ ㄍㄨㄚ ㄎㄨㄚ ㄎㄨㄛ	11.991777332840 11.905825292890 11.481269665566 9.339612707680 8.885717651712 8.705331133532
379	ㄏㄨㄟ ㄍㄨㄟ ㄎㄨㄞ ㄎㄨㄟ ㄏㄨㄞ ㄍㄨㄞ	12.693885494987 11.209574609104 9.567525185909 9.378985497954 8.891098830617 8.488999457045
38	ㄎㄜ ㄍㄜ ㄏㄜ ㄎㄚ ㄏㄚ ㄍㄚ	12.390188425077 11.695155350896 11.366106178019 10.427476162828 9.043695294567 8.105609402300
39	ㄏㄡ ㄏㄠ ㄍㄠ ㄍㄞ ㄏㄞ ㄎㄞ ㄍㄟ ㄍㄡ ㄎㄡ ㄎㄠ ㄏㄟ	11.285949579636 11.112522522454 10.898497039122 10.797287246575 10.748454126156 10.637176688409 10.512627928763 10.144588893224 9.778037701819 9.399803036922 8.875426919819
47	ㄑㄧ ㄐㄧ ㄒㄧ ㄑㄩ ㄐㄩ ㄒㄩ	13.630958916379 13.068443478615 12.267144226269 11.870369113380 11.772370086811 11.712415463684
470	ㄐㄧㄢ ㄐㄧㄣ ㄒㄧㄤ ㄒㄧㄥ ㄒㄧㄢ ㄐㄧㄥ ㄑㄧㄥ ㄒㄧㄣ ㄑㄧㄢ ㄐㄧㄤ ㄑㄧㄤ ㄑㄩㄢ ㄒㄩㄢ ㄐㄩㄣ ㄒㄩㄣ ㄒㄩㄥ ㄐㄩㄢ ㄑㄩㄣ ㄑㄧㄣ ㄐㄩㄥ ㄑㄩㄥ	12.520627878278 12.467763606457 12.403524985821 12.312336253278 12.191354868443 12.024047044937 12.002976789520 11.762360350239 11.592900478045 11.469328791252 11.280741169004 11.238449144805 10.887623831305 10.709740179201 10.531215824531 10.458205652066 10.450712605682 10.416580603745 10.217787212892 9.306468399070 8.750049421584
478	ㄐㄧㄚ ㄒㄧㄚ ㄐㄧㄝ ㄒㄧㄝ ㄒㄩㄝ ㄑㄧㄝ ㄐㄩㄝ ㄑㄩㄝ ㄑㄧㄚ	12.308859351780 12.010325365698 11.983060335603 11.013715451376 10.851780700536 10.499738295850 10.310018758826 10.234731861613 8.597851094434
479	ㄐㄧㄠ ㄐㄧㄡ ㄒㄧㄠ ㄒㄧㄡ ㄑㄧㄡ ㄑㄧㄠ	12.400232189377 12.024017053364 11.755816740113 11.212077095987 10.485535560577 10.096666619331
5	ㄕ ㄓ ㄖ ㄔ	13.820226420783 13.374897949895 11.306282526671 10.719405310263
50	ㄕㄤ ㄓㄢ ㄔㄤ ㄖㄣ ㄔㄥ ㄓㄤ ㄕㄥ ㄕㄢ ㄓㄥ ㄓㄣ ㄔㄣ ㄕㄣ ㄖㄤ ㄔㄢ ㄖㄢ ㄖㄥ	12.458728396058 12.221232157288 12.083475540816 12.069227196052 11.961386203539 11.904589102765 11.566835831834 11.527656429570 11.354914008594 11.324569739142 11.187666128163 11.034002173550 10.833760081931 10.094562354325 9.833172378621 9.634365505605
57	ㄕㄨ ㄓㄨ ㄔㄨ ㄖㄨ	12.977198867407 12.021019360963 11.410050746047 11.139641930223
570	ㄓㄨㄥ ㄓㄨㄢ ㄔㄨㄢ ㄖㄨㄥ ㄓㄨㄤ ㄔㄨㄤ ㄕㄨㄤ ㄔㄨㄥ ㄔㄨㄣ ㄕㄨㄣ ㄓㄨㄣ ㄖㄨㄢ ㄖㄨㄣ ㄕㄨㄢ	12.443627848320 10.790514238724 10.534253882512 10.391760771832 10.256290008061 10.108059718265 10.026014871816 9.899228495616 9.844055968767 9.202409001650 9.139273923542 8.917176635955 7.391415234675 6.669498089858
578	ㄕㄨㄛ ㄖㄨㄛ ㄓㄨㄛ ㄔㄨㄛ ㄓㄨㄚ ㄕㄨㄚ ㄔㄨㄚ	10.892359377191 10.887848063312 9.744784861341 8.346642090221 8.137980454452 8.024207485779 2.197224577336
579	ㄕㄨㄟ ㄖㄨㄟ ㄔㄨㄞ ㄓㄨㄟ ㄔㄨㄟ ㄕㄨㄞ ㄓㄨㄞ	10.627212433560 9.924563878138 9.553930076366 8.960852845322 8.829958044235 8.343553835005 6.760414691083
58	ㄓㄜ ㄕㄜ ㄔㄚ ㄔㄜ ㄕㄚ ㄓㄚ ㄖㄜ	12.147139716993 11.614777834272 10.284215880412 10.199137794637 9.978455868773 9.619465440916 9.101417964752
59	ㄕㄡ ㄓㄠ ㄔㄠ ㄓㄡ ㄕㄠ ㄓㄞ ㄔㄞ ㄔㄡ ㄕㄟ ㄖㄡ ㄖㄠ ㄕㄞ ㄓㄟ	11.869214334392 11.096606668104 10.500866948607 10.447322329909 10.322099198314 10.103894576876 9.762096784344 9.704121561133 9.079889942592 8.933796043935 8.279443487713 7.220373836724 1.098612288668
6	ㄗ ㄙ ㄘ	12.093872123607 11.975526764449 11.478634182187
60	ㄙㄢ ㄗㄥ ㄘㄥ ㄘㄢ ㄗㄤ ㄗㄢ ㄘㄤ ㄙㄣ ㄙㄤ ㄙㄥ ㄘㄣ ㄗㄣ	11.314340370907 10.624274218899 10.180740429497 9.346879736115 9.061492275240 8.950143756459 8.862341963516 8.722905701001 8.075893630299 7.403670290012 6.919683849847 6.418364935936
67	ㄗㄨ ㄙㄨ ㄘㄨ	11.071921258241 11.059283254732 8.924656302187
670	ㄗㄨㄥ ㄘㄨㄥ ㄘㄨㄣ ㄙㄨㄥ ㄙㄨㄢ ㄙㄨㄣ ㄗㄨㄢ ㄗㄨㄣ ㄘㄨㄢ	10.916196940537 10.820617931808 10.337961149679 10.296542640568 9.513698923813 9.130105979266 8.427706024915 8.250358951477 7.899153483343
678	ㄙㄨㄛ ㄗㄨㄛ ㄘㄨㄛ	11.639258511555 11.267945219047 9.145908511817
679	ㄗㄨㄟ ㄙㄨㄟ ㄘㄨㄟ	10.733915338630 10.375832189484 9.229358377812
68	ㄗㄜ ㄘㄜ ㄙㄜ ㄙㄚ ㄗㄚ ㄘㄚ	11.006755652740 9.856081430139 9.521348269731 9.201804040954 8.963544291997 7.448916102544
69	ㄗㄞ ㄘㄞ ㄗㄠ ㄘㄠ ㄗㄡ ㄙㄞ ㄙㄠ ㄙㄡ ㄗㄟ ㄘㄡ ㄙㄟ	11.794330377210 11.352580640980 9.872358017339 9.571156728415 9.496270911389 9.408781310650 8.983690681333 8.711113884054 6.495265555937 5.796057750765 0.693147180560
7	ㄧ ㄩ ㄨ	13.188707143107 12.414021337462 12.160368963271
70	ㄩㄢ ㄧㄥ ㄧㄣ ㄧㄢ ㄧㄤ ㄩㄥ ㄨㄤ ㄨㄢ ㄨㄣ ㄩㄣ ㄨㄥ	12.944759474959 11.898772728709 11.810144416479 11.752060468702 11.663395092315 11.468210485943 11.386250513142 11.280122915361 10.929511227062 10.419509651209 8.439663988907
78	ㄧㄝ ㄨㄛ ㄩㄝ ㄧㄚ ㄨㄚ ㄧㄛ	12.464591062660 12.080815498158 11.718499573574 11.208856524867 9.463741510451 7.568379267837
79	ㄨㄟ ㄧㄡ ㄧㄠ ㄨㄞ ㄧㄞ	12.852440014806 12.705607770819 12.189785730867 10.166851317337 6.411818267710
8	ㄚ ㄜ ㄛ ㄝ	10.738177697206 10.304643389056 9.819616693499 2.302585092994
9	ㄞ ㄡ ㄠ ㄟ	10.697249003129 10.186785026670 9.669914805731 1.386294361120
