syllable	code	n_chars
ㄅㄚ	18	68
ㄅㄛ	18	127
ㄅㄞ	19	30
ㄅㄟ	19	74
ㄅㄠ	19	70
ㄅㄢ	10	45
ㄅㄣ	10	22
ㄅㄤ	10	34
ㄅㄥ	10	40
ㄅㄧ	17	181
ㄅㄧㄝ	178	19
ㄅㄧㄠ	179	48
ㄅㄧㄢ	170	60
ㄅㄧㄣ	170	39
ㄅㄧㄥ	170	58
ㄅㄨ	17	50
ㄆㄚ	18	23
ㄆㄛ	18	51
ㄆㄞ	19	17
ㄆㄟ	19	52
ㄆㄠ	19	35
ㄆㄡ	19	17
ㄆㄢ	10	51
ㄆㄣ	10	12
ㄆㄤ	10	36
ㄆㄥ	10	71
ㄆㄧ	17	134
ㄆㄧㄝ	178	13
ㄆㄧㄠ	179	35
ㄆㄧㄢ	170	33
ㄆㄧㄣ	170	29
ㄆㄧㄥ	170	62
ㄆㄨ	17	68
ㄇㄚ	18	33
ㄇㄛ	18	101
ㄇㄜ	18	5
ㄇㄞ	19	21
ㄇㄟ	19	81
ㄇㄠ	19	69
ㄇㄡ	19	34
ㄇㄢ	10	45
ㄇㄣ	10	18
ㄇㄤ	10	41
ㄇㄥ	10	64
ㄇㄧ	17	91
ㄇㄧㄝ	178	26
ㄇㄧㄠ	179	31
ㄇㄧㄡ	179	3
ㄇㄧㄢ	170	47
ㄇㄧㄣ	170	55
ㄇㄧㄥ	170	33
ㄇㄨ	17	60
ㄈㄚ	18	30
ㄈㄛ	18	4
ㄈㄟ	19	83
ㄈㄡ	19	16
ㄈㄢ	10	88
ㄈㄣ	10	80
ㄈㄤ	10	37
ㄈㄥ	10	72
ㄈㄧㄠ	179	1
ㄈㄨ	17	243
ㄈㄨㄥ	170	1
ㄉㄚ	28	46
ㄉㄜ	28	13
ㄉㄞ	29	57
ㄉㄟ	29	1
ㄉㄠ	29	50
ㄉㄡ	29	42
ㄉㄢ	20	101
ㄉㄣ	20	1
ㄉㄤ	20	46
ㄉㄥ	20	26
ㄉㄧ	27	154
ㄉㄧㄝ	278	62
ㄉㄧㄠ	279	48
ㄉㄧㄡ	279	2
ㄉㄧㄢ	270	64
ㄉㄧㄥ	270	45
ㄉㄨ	27	69
ㄉㄨㄛ	278	74
ㄉㄨㄟ	279	33
ㄉㄨㄢ	270	24
ㄉㄨㄣ	270	46
ㄉㄨㄥ	270	48
ㄊㄚ	28	70
ㄊㄜ	28	11
ㄊㄞ	29	50
ㄊㄠ	29	57
ㄊㄡ	29	22
ㄊㄢ	20	87
ㄊㄤ	20	70
ㄊㄥ	20	17
ㄊㄧ	27	106
ㄊㄧㄝ	278	12
ㄊㄧㄠ	279	51
ㄊㄧㄢ	270	69
ㄊㄧㄥ	270	53
ㄊㄨ	27	74
ㄊㄨㄛ	278	88
ㄊㄨㄟ	279	36
ㄊㄨㄢ	270	26
ㄊㄨㄣ	270	42
ㄊㄨㄥ	270	76
ㄋㄚ	28	41
ㄋㄜ	28	9
ㄋㄞ	29	27
ㄋㄟ	29	15
ㄋㄠ	29	34
ㄋㄡ	29	10
ㄋㄢ	20	27
ㄋㄣ	20	4
ㄋㄤ	20	12
ㄋㄥ	20	10
ㄋㄧ	27	91
ㄋㄧㄚ	278	2
ㄋㄧㄝ	278	62
ㄋㄧㄠ	279	12
ㄋㄧㄡ	279	20
ㄋㄧㄢ	270	39
ㄋㄧㄣ	270	6
ㄋㄧㄤ	270	5
ㄋㄧㄥ	270	24
ㄋㄨ	27	20
ㄋㄨㄛ	278	30
ㄋㄨㄢ	270	6
ㄋㄨㄣ	270	3
ㄋㄨㄥ	270	20
ㄋㄩ	27	12
ㄋㄩㄝ	278	5
ㄌㄚ	28	35
ㄌㄛ	28	1
ㄌㄜ	28	28
ㄌㄞ	29	40
ㄌㄟ	29	80
ㄌㄠ	29	50
ㄌㄡ	29	38
ㄌㄢ	20	70
ㄌㄤ	20	44
ㄌㄥ	20	17
ㄌㄧ	27	254
ㄌㄧㄚ	278	1
ㄌㄧㄝ	278	46
ㄌㄧㄠ	279	61
ㄌㄧㄡ	279	78
ㄌㄧㄢ	270	89
ㄌㄧㄣ	270	73
ㄌㄧㄤ	270	43
ㄌㄧㄥ	270	98
ㄌㄨ	27	132
ㄌㄨㄛ	278	72
ㄌㄨㄢ	270	20
ㄌㄨㄣ	270	26
ㄌㄨㄥ	270	60
ㄌㄩ	27	61
ㄌㄩㄝ	278	10
ㄌㄩㄢ	270	7
ㄍㄚ	38	13
ㄍㄜ	38	102
ㄍㄞ	39	52
ㄍㄟ	39	1
ㄍㄠ	39	77
ㄍㄡ	39	57
ㄍㄢ	30	96
ㄍㄣ	30	8
ㄍㄤ	30	43
ㄍㄥ	30	36
ㄍㄨ	37	110
ㄍㄨㄚ	378	49
ㄍㄨㄛ	378	68
ㄍㄨㄞ	379	13
ㄍㄨㄟ	379	111
ㄍㄨㄢ	370	64
ㄍㄨㄣ	370	22
ㄍㄨㄤ	370	32
ㄍㄨㄥ	370	65
ㄎㄚ	38	14
ㄎㄜ	38	79
ㄎㄞ	39	45
ㄎㄠ	39	19
ㄎㄡ	39	28
ㄎㄢ	30	41
ㄎㄣ	30	12
ㄎㄤ	30	39
ㄎㄥ	30	27
ㄎㄨ	37	37
ㄎㄨㄚ	378	23
ㄎㄨㄛ	378	22
ㄎㄨㄞ	379	33
ㄎㄨㄟ	379	76
ㄎㄨㄢ	370	10
ㄎㄨㄣ	370	47
ㄎㄨㄤ	370	54
ㄎㄨㄥ	370	19
ㄏㄚ	38	6
ㄏㄜ	38	123
ㄏㄞ	39	37
ㄏㄟ	39	5
ㄏㄠ	39	75
ㄏㄡ	39	38
ㄏㄢ	30	111
ㄏㄣ	30	14
ㄏㄤ	30	25
ㄏㄥ	30	31
ㄏㄨ	37	160
ㄏㄨㄚ	378	63
ㄏㄨㄛ	378	84
ㄏㄨㄞ	379	24
ㄏㄨㄟ	379	161
ㄏㄨㄢ	370	97
ㄏㄨㄣ	370	38
ㄏㄨㄤ	370	70
ㄏㄨㄥ	370	83
ㄐㄧ	47	345
ㄐㄧㄚ	478	109
ㄐㄧㄝ	478	188
ㄐㄧㄠ	479	154
ㄐㄧㄡ	479	74
ㄐㄧㄢ	470	228
ㄐㄧㄣ	470	112
ㄐㄧㄤ	470	59
ㄐㄧㄥ	470	121
ㄐㄩ	47	201
ㄐㄩㄝ	478	127
ㄐㄩㄢ	470	76
ㄐㄩㄣ	470	80
ㄐㄩㄥ	470	35
ㄑㄧ	47	261
ㄑㄧㄚ	478	24
ㄑㄧㄝ	478	44
ㄑㄧㄠ	479	94
ㄑㄧㄡ	479	110
ㄑㄧㄢ	470	186
ㄑㄧㄣ	470	80
ㄑㄧㄤ	470	61
ㄑㄧㄥ	470	71
ㄑㄩ	47	122
ㄑㄩㄝ	478	53
ㄑㄩㄢ	470	72
ㄑㄩㄣ	470	15
ㄑㄩㄥ	470	39
ㄒㄧ	47	304
ㄒㄧㄚ	478	85
ㄒㄧㄝ	478	141
ㄒㄧㄠ	479	111
ㄒㄧㄡ	479	56
ㄒㄧㄢ	470	215
ㄒㄧㄣ	470	56
ㄒㄧㄤ	470	82
ㄒㄧㄥ	470	65
ㄒㄩ	47	126
ㄒㄩㄝ	478	47
ㄒㄩㄢ	470	110
ㄒㄩㄣ	470	91
ㄒㄩㄥ	470	25
ㄓ	5	262
ㄓㄚ	58	74
ㄓㄜ	58	72
ㄓㄞ	59	32
ㄓㄟ	59	2
ㄓㄠ	59	62
ㄓㄡ	59	67
ㄓㄢ	50	88
ㄓㄣ	50	116
ㄓㄤ	50	46
ㄓㄥ	50	63
ㄓㄨ	57	143
ㄓㄨㄚ	578	9
ㄓㄨㄛ	578	89
ㄓㄨㄞ	579	5
ㄓㄨㄟ	579	29
ㄓㄨㄢ	570	40
ㄓㄨㄣ	570	18
ㄓㄨㄤ	570	21
ㄓㄨㄥ	570	61
ㄔ	5	167
ㄔㄚ	58	54
ㄔㄜ	58	34
ㄔㄞ	59	20
ㄔㄠ	59	41
ㄔㄡ	59	70
ㄔㄢ	50	90
ㄔㄣ	50	86
ㄔㄤ	50	56
ㄔㄥ	50	102
ㄔㄨ	57	95
ㄔㄨㄚ	578	2
ㄔㄨㄛ	578	33
ㄔㄨㄞ	579	5
ㄔㄨㄟ	579	26
ㄔㄨㄢ	570	36
ㄔㄨㄣ	570	46
ㄔㄨㄤ	570	32
ㄔㄨㄥ	570	41
ㄕ	5	187
ㄕㄚ	58	50
ㄕㄜ	58	54
ㄕㄞ	59	10
ㄕㄟ	59	1
ㄕㄠ	59	43
ㄕㄡ	59	27
ㄕㄢ	50	106
ㄕㄣ	50	97
ㄕㄤ	50	30
ㄕㄥ	50	59
ㄕㄨ	57	122
ㄕㄨㄚ	578	6
ㄕㄨㄛ	578	24
ㄕㄨㄞ	579	12
ㄕㄨㄟ	579	17
ㄕㄨㄢ	570	7
ㄕㄨㄣ	570	15
ㄕㄨㄤ	570	23
ㄖ	5	8
ㄖㄜ	58	8
ㄖㄠ	59	13
ㄖㄡ	59	27
ㄖㄢ	50	26
ㄖㄣ	50	59
ㄖㄤ	50	21
ㄖㄥ	50	8
ㄖㄨ	57	61
ㄖㄨㄛ	578	19
ㄖㄨㄟ	579	32
ㄖㄨㄢ	570	21
ㄖㄨㄣ	570	8
ㄖㄨㄥ	570	56
ㄗ	6	109
ㄗㄚ	68	29
ㄗㄜ	68	50
ㄗㄞ	69	23
ㄗㄟ	69	4
ㄗㄠ	69	50
ㄗㄡ	69	27
ㄗㄢ	60	48
ㄗㄣ	60	4
ㄗㄤ	60	19
ㄗㄥ	60	22
ㄗㄨ	67	45
ㄗㄨㄛ	678	40
ㄗㄨㄟ	679	41
ㄗㄨㄢ	670	11
ㄗㄨㄣ	670	29
ㄗㄨㄥ	670	69
ㄘ	6	58
ㄘㄚ	68	9
ㄘㄜ	68	25
ㄘㄞ	69	27
ㄘㄠ	69	32
ㄘㄡ	69	5
ㄘㄢ	60	48
ㄘㄣ	60	14
ㄘㄤ	60	24
ㄘㄥ	60	10
ㄘㄨ	67	46
ㄘㄨㄛ	678	44
ㄘㄨㄟ	679	55
ㄘㄨㄢ	670	21
ㄘㄨㄣ	670	19
ㄘㄨㄥ	670	67
ㄙ	6	104
ㄙㄚ	68	23
ㄙㄜ	68	33
ㄙㄞ	69	15
ㄙㄟ	69	1
ㄙㄠ	69	22
ㄙㄡ	69	37
ㄙㄢ	60	33
ㄙㄣ	60	8
ㄙㄤ	60	11
ㄙㄥ	60	3
ㄙㄨ	67	84
ㄙㄨㄛ	678	46
ㄙㄨㄟ	679	76
ㄙㄨㄢ	670	10
ㄙㄨㄣ	670	28
ㄙㄨㄥ	670	41
ㄚ	8	6
ㄛ	8	6
ㄜ	8	124
ㄝ	8	1
ㄞ	9	70
ㄟ	9	2
ㄠ	9	65
ㄡ	9	36
ㄢ	0	72
ㄣ	0	6
ㄤ	0	14
ㄥ	0	1
ㄦ	0	57
ㄧ	7	403
ㄧㄚ	78	72
ㄧㄛ	78	2
ㄧㄝ	78	92
ㄧㄞ	79	6
ㄧㄠ	79	137
ㄧㄡ	79	136
ㄧㄢ	70	266
ㄧㄣ	70	148
ㄧㄤ	70	79
ㄧㄥ	70	126
ㄨ	7	174
ㄨㄚ	78	43
ㄨㄛ	78	39
ㄨㄞ	79	6
ㄨㄟ	79	209
ㄨㄢ	70	105
ㄨㄣ	70	75
ㄨㄤ	70	46
ㄨㄥ	70	23
ㄩ	7	328
ㄩㄝ	78	70
ㄩㄢ	70	127
ㄩㄣ	70	100
ㄩㄥ	70	71
